label,value
orthonormal_columns,0.04458141699433327
orthogonalize_blocked,0.03658499999437481
orthogonal_init,0.38094000006094575
