label,value
MLX dot,0.0004249169724062085
Kernel simple,0.0019684169674292207
Kernel simd,0.0003733749035745859
