label,value
Baseline MLX,0.02654991706367582
Fused concat,0.028449833975173533
Batched sameX,0.0014351250138133764
