label,value
Baseline MLX,0.024455416947603226
Fused concat,0.02611125004477799
Batched sameX,0.0015123329358175397
