label,value
MLX dot,0.0004904998932033777
Kernel simple,0.002402957994490862
Kernel simd,0.0002960419515147805
