label,value
MLX no-compile,0.026763790985569358
MLX compile,0.023028167081065476
Kernel no-compile,0.0265527080046013
Kernel compile-wrapper,0.026464583002962172
