label,value
Baseline MLX,0.026215833029709756
Fused concat,0.028242707950994372
Batched sameX,0.0014311670092865825
