label,value
Baseline MLX,0.03025241696741432
Fused concat,0.029860917013138533
Batched sameX,0.0015236249892041087
