label,value
orthonormal_columns,0.044823791016824543
orthogonalize_blocked,0.03642116708215326
orthogonal_init,0.3825461670057848
