label,value
orthonormal_columns,0.04499154107179493
orthogonalize_blocked,0.03683866700157523
orthogonal_init,0.38141445897053927
