label,value
orthonormal_columns,0.04464204201940447
orthogonalize_blocked,0.03591924998909235
orthogonal_init,0.38390658400021493
