label,value
orthonormal_columns,0.04444095806684345
orthogonalize_blocked,0.03638462501112372
orthogonal_init,0.3815050000557676
