label,value
MLX dot,0.0011386250844225287
Kernel simple,0.00279166700784117
Kernel simd,0.00029779202304780483
