label,value
MLX dot,0.0003842500736936927
Kernel simple,0.0024841659469529986
Kernel simd,0.0004451660206541419
