label,value
MLX dot,0.00038329092785716057
Kernel simple,0.0036790830781683326
Kernel simd,0.0018912089290097356
