label,value
MLX no-compile,0.026488207979127765
MLX compile,0.022803875035606325
Kernel no-compile,0.026036416995339096
Kernel compile-wrapper,0.026255832985043526
